Index,Raw path,Volume,Part,Section,Compile order
1,LZW compression TIFF/Atlas Antarktiki I/Atlas_Antarktiki_I_0001.tif,Atlas Antarktiki I,,,2
2,LZW compression TIFF/Atlas Antarktiki I/Atlas_Antarktiki_I_0002.tif,Atlas Antarktiki I,,,
3,LZW compression TIFF/Atlas Antarktiki I/Atlas_Antarktiki_I_0003.tif,Atlas Antarktiki I,,,1
4,LZW compression TIFF/Atlas Antarktiki I/Atlas_Antarktiki_I_0004.tif,Atlas Antarktiki I,,,
5,LZW compression TIFF/Atlas Antarktiki I/Atlas_Antarktiki_I_0005.tif,Atlas Antarktiki I,,,
6,LZW compression TIFF/Atlas Antarktiki I/Atlas_Antarktiki_I_0006.tif,Atlas Antarktiki I,,,
7,LZW compression TIFF/Atlas Antarktiki I/Atlas_Antarktiki_I_0007.tif,Atlas Antarktiki I,,,3
8,LZW compression TIFF/Atlas Antarktiki I/Atlas_Antarktiki_I_0008.tif,Atlas Antarktiki I,,,4
9,LZW compression TIFF/Atlas Antarktiki I/Atlas_Antarktiki_I_0009.tif,Atlas Antarktiki I,,,5
10,LZW compression TIFF/Atlas Antarktiki I/Atlas_Antarktiki_I_0010.tif,Atlas Antarktiki I,,,6
11,LZW compression TIFF/Atlas Antarktiki I/Atlas_Antarktiki_I_0011.tif,Atlas Antarktiki I,,,7
12,LZW compression TIFF/Atlas Antarktiki I/Atlas_Antarktiki_I_0012.tif,Atlas Antarktiki I,,,8
13,LZW compression TIFF/Atlas Antarktiki I/Atlas_Antarktiki_I_0013.tif,Atlas Antarktiki I,,,9
14,LZW compression TIFF/Atlas Antarktiki I/Atlas_Antarktiki_I_0014.tif,Atlas Antarktiki I,,,10
15,LZW compression TIFF/Atlas Antarktiki I/Atlas_Antarktiki_I_0015.tif,Atlas Antarktiki I,,,11
16,LZW compression TIFF/Atlas Antarktiki I/Atlas_Antarktiki_I_0016.tif,Atlas Antarktiki I,,,12
17,LZW compression TIFF/Atlas Antarktiki I/Atlas_Antarktiki_I_0017.tif,Atlas Antarktiki I,,,13
18,LZW compression TIFF/Atlas Antarktiki I/Atlas_Antarktiki_I_0018.tif,Atlas Antarktiki I,,,14
19,LZW compression TIFF/Atlas Antarktiki I/Atlas_Antarktiki_I_0019.tif,Atlas Antarktiki I,,,15
20,LZW compression TIFF/Atlas Antarktiki I/Atlas_Antarktiki_I_0020.tif,Atlas Antarktiki I,,,16
21,LZW compression TIFF/Atlas Antarktiki I/Atlas_Antarktiki_I_0021.tif,Atlas Antarktiki I,,,17
22,LZW compression TIFF/Atlas Antarktiki I/Atlas_Antarktiki_I_0022.tif,Atlas Antarktiki I,,,18
23,LZW compression TIFF/Atlas Antarktiki I/Atlas_Antarktiki_I_0023.tif,Atlas Antarktiki I,,,19
24,LZW compression TIFF/Atlas Antarktiki I/Atlas_Antarktiki_I_0024.tif,Atlas Antarktiki I,,,20
25,LZW compression TIFF/Atlas Antarktiki I/Atlas_Antarktiki_I_0025.tif,Atlas Antarktiki I,,,21
26,LZW compression TIFF/Atlas Antarktiki I/Atlas_Antarktiki_I_0026.tif,Atlas Antarktiki I,,,22
27,LZW compression TIFF/Atlas Antarktiki I/Atlas_Antarktiki_I_0027.tif,Atlas Antarktiki I,,,23
28,LZW compression TIFF/Atlas Antarktiki I/Atlas_Antarktiki_I_0028.tif,Atlas Antarktiki I,,,24
29,LZW compression TIFF/Atlas Antarktiki I/Atlas_Antarktiki_I_0029.tif,Atlas Antarktiki I,,,25
30,LZW compression TIFF/Atlas Antarktiki I/Atlas_Antarktiki_I_0030.tif,Atlas Antarktiki I,,,26
31,LZW compression TIFF/Atlas Antarktiki I/Atlas_Antarktiki_I_0031.tif,Atlas Antarktiki I,,,27
32,LZW compression TIFF/Atlas Antarktiki I/Atlas_Antarktiki_I_0032.tif,Atlas Antarktiki I,,,28
33,LZW compression TIFF/Atlas Antarktiki I/Atlas_Antarktiki_I_0033.tif,Atlas Antarktiki I,,,29
34,LZW compression TIFF/Atlas Antarktiki I/Atlas_Antarktiki_I_0034.tif,Atlas Antarktiki I,,,30
35,LZW compression TIFF/Atlas Antarktiki I/Atlas_Antarktiki_I_0035.tif,Atlas Antarktiki I,,,31
36,LZW compression TIFF/Atlas Antarktiki I/Atlas_Antarktiki_I_0036.tif,Atlas Antarktiki I,,,32
37,LZW compression TIFF/Atlas Antarktiki I/Atlas_Antarktiki_I_0037.tif,Atlas Antarktiki I,,,33
38,LZW compression TIFF/Atlas Antarktiki I/Atlas_Antarktiki_I_0038.tif,Atlas Antarktiki I,,,34
39,LZW compression TIFF/Atlas Antarktiki I/Atlas_Antarktiki_I_0039.tif,Atlas Antarktiki I,,,35
40,LZW compression TIFF/Atlas Antarktiki I/Atlas_Antarktiki_I_0040.tif,Atlas Antarktiki I,,,36
41,LZW compression TIFF/Atlas Antarktiki I/Atlas_Antarktiki_I_0041.tif,Atlas Antarktiki I,,,37
42,LZW compression TIFF/Atlas Antarktiki I/Atlas_Antarktiki_I_0042.tif,Atlas Antarktiki I,,,38
43,LZW compression TIFF/Atlas Antarktiki I/Atlas_Antarktiki_I_0043.tif,Atlas Antarktiki I,,,39
44,LZW compression TIFF/Atlas Antarktiki I/Atlas_Antarktiki_I_0044.tif,Atlas Antarktiki I,,,40
45,LZW compression TIFF/Atlas Antarktiki I/Atlas_Antarktiki_I_0045.tif,Atlas Antarktiki I,,,41
46,LZW compression TIFF/Atlas Antarktiki I/Atlas_Antarktiki_I_0046.tif,Atlas Antarktiki I,,,42
47,LZW compression TIFF/Atlas Antarktiki I/Atlas_Antarktiki_I_0047.tif,Atlas Antarktiki I,,,43
48,LZW compression TIFF/Atlas Antarktiki I/Atlas_Antarktiki_I_0048.tif,Atlas Antarktiki I,,,44
49,LZW compression TIFF/Atlas Antarktiki I/Atlas_Antarktiki_I_0049.tif,Atlas Antarktiki I,,,45
50,LZW compression TIFF/Atlas Antarktiki I/Atlas_Antarktiki_I_0050.tif,Atlas Antarktiki I,,,46
51,LZW compression TIFF/Atlas Antarktiki I/Atlas_Antarktiki_I_0051.tif,Atlas Antarktiki I,,,47
52,LZW compression TIFF/Atlas Antarktiki I/Atlas_Antarktiki_I_0052.tif,Atlas Antarktiki I,,,48
53,LZW compression TIFF/Atlas Antarktiki I/Atlas_Antarktiki_I_0053.tif,Atlas Antarktiki I,,,49
54,LZW compression TIFF/Atlas Antarktiki I/Atlas_Antarktiki_I_0054.tif,Atlas Antarktiki I,,,50
55,LZW compression TIFF/Atlas Antarktiki I/Atlas_Antarktiki_I_0055.tif,Atlas Antarktiki I,,,51
56,LZW compression TIFF/Atlas Antarktiki I/Atlas_Antarktiki_I_0056.tif,Atlas Antarktiki I,,,52
57,LZW compression TIFF/Atlas Antarktiki I/Atlas_Antarktiki_I_0057.tif,Atlas Antarktiki I,,,53
58,LZW compression TIFF/Atlas Antarktiki I/Atlas_Antarktiki_I_0058.tif,Atlas Antarktiki I,,,54
59,LZW compression TIFF/Atlas Antarktiki I/Atlas_Antarktiki_I_0059.tif,Atlas Antarktiki I,,,55
60,LZW compression TIFF/Atlas Antarktiki I/Atlas_Antarktiki_I_0060.tif,Atlas Antarktiki I,,,56
61,LZW compression TIFF/Atlas Antarktiki I/Atlas_Antarktiki_I_0061.tif,Atlas Antarktiki I,,,57
62,LZW compression TIFF/Atlas Antarktiki I/Atlas_Antarktiki_I_0062.tif,Atlas Antarktiki I,,,58
63,LZW compression TIFF/Atlas Antarktiki I/Atlas_Antarktiki_I_0063.tif,Atlas Antarktiki I,,,59
64,LZW compression TIFF/Atlas Antarktiki I/Atlas_Antarktiki_I_0064.tif,Atlas Antarktiki I,,,60
65,LZW compression TIFF/Atlas Antarktiki I/Atlas_Antarktiki_I_0065.tif,Atlas Antarktiki I,,,61
66,LZW compression TIFF/Atlas Antarktiki I/Atlas_Antarktiki_I_0066.tif,Atlas Antarktiki I,,,62
67,LZW compression TIFF/Atlas Antarktiki I/Atlas_Antarktiki_I_0067.tif,Atlas Antarktiki I,,,63
68,LZW compression TIFF/Atlas Antarktiki I/Atlas_Antarktiki_I_0068.tif,Atlas Antarktiki I,,,64
69,LZW compression TIFF/Atlas Antarktiki I/Atlas_Antarktiki_I_0069.tif,Atlas Antarktiki I,,,65
70,LZW compression TIFF/Atlas Antarktiki I/Atlas_Antarktiki_I_0070.tif,Atlas Antarktiki I,,,66
71,LZW compression TIFF/Atlas Antarktiki I/Atlas_Antarktiki_I_0071.tif,Atlas Antarktiki I,,,67
72,LZW compression TIFF/Atlas Antarktiki I/Atlas_Antarktiki_I_0072.tif,Atlas Antarktiki I,,,68
73,LZW compression TIFF/Atlas Antarktiki I/Atlas_Antarktiki_I_0073.tif,Atlas Antarktiki I,,,69
74,LZW compression TIFF/Atlas Antarktiki I/Atlas_Antarktiki_I_0074.tif,Atlas Antarktiki I,,,70
75,LZW compression TIFF/Atlas Antarktiki I/Atlas_Antarktiki_I_0075.tif,Atlas Antarktiki I,,,71
76,LZW compression TIFF/Atlas Antarktiki I/Atlas_Antarktiki_I_0076.tif,Atlas Antarktiki I,,,72
77,LZW compression TIFF/Atlas Antarktiki I/Atlas_Antarktiki_I_0077.tif,Atlas Antarktiki I,,,73
78,LZW compression TIFF/Atlas Antarktiki I/Atlas_Antarktiki_I_0078.tif,Atlas Antarktiki I,,,74
79,LZW compression TIFF/Atlas Antarktiki I/Atlas_Antarktiki_I_0079.tif,Atlas Antarktiki I,,,75
80,LZW compression TIFF/Atlas Antarktiki I/Atlas_Antarktiki_I_0080.tif,Atlas Antarktiki I,,,76
81,LZW compression TIFF/Atlas Antarktiki I/Atlas_Antarktiki_I_0081.tif,Atlas Antarktiki I,,,77
82,LZW compression TIFF/Atlas Antarktiki I/Atlas_Antarktiki_I_0082.tif,Atlas Antarktiki I,,,78
83,LZW compression TIFF/Atlas Antarktiki I/Atlas_Antarktiki_I_0083.tif,Atlas Antarktiki I,,,79
84,LZW compression TIFF/Atlas Antarktiki I/Atlas_Antarktiki_I_0084.tif,Atlas Antarktiki I,,,80
85,LZW compression TIFF/Atlas Antarktiki I/Atlas_Antarktiki_I_0085.tif,Atlas Antarktiki I,,,81
86,LZW compression TIFF/Atlas Antarktiki I/Atlas_Antarktiki_I_0086.tif,Atlas Antarktiki I,,,82
87,LZW compression TIFF/Atlas Antarktiki I/Atlas_Antarktiki_I_0087.tif,Atlas Antarktiki I,,,83
88,LZW compression TIFF/Atlas Antarktiki I/Atlas_Antarktiki_I_0088.tif,Atlas Antarktiki I,,,84
89,LZW compression TIFF/Atlas Antarktiki I/Atlas_Antarktiki_I_0089.tif,Atlas Antarktiki I,,,85
90,LZW compression TIFF/Atlas Antarktiki I/Atlas_Antarktiki_I_0090.tif,Atlas Antarktiki I,,,86
91,LZW compression TIFF/Atlas Antarktiki I/Atlas_Antarktiki_I_0091.tif,Atlas Antarktiki I,,,87
92,LZW compression TIFF/Atlas Antarktiki I/Atlas_Antarktiki_I_0092.tif,Atlas Antarktiki I,,,88
93,LZW compression TIFF/Atlas Antarktiki I/Atlas_Antarktiki_I_0093.tif,Atlas Antarktiki I,,,89
94,LZW compression TIFF/Atlas Antarktiki I/Atlas_Antarktiki_I_0094.tif,Atlas Antarktiki I,,,90
95,LZW compression TIFF/Atlas Antarktiki I/Atlas_Antarktiki_I_0095.tif,Atlas Antarktiki I,,,91
96,LZW compression TIFF/Atlas Antarktiki I/Atlas_Antarktiki_I_0096.tif,Atlas Antarktiki I,,,92
97,LZW compression TIFF/Atlas Antarktiki I/Atlas_Antarktiki_I_0097.tif,Atlas Antarktiki I,,,93
98,LZW compression TIFF/Atlas Antarktiki I/Atlas_Antarktiki_I_0098.tif,Atlas Antarktiki I,,,94
99,LZW compression TIFF/Atlas Antarktiki I/Atlas_Antarktiki_I_0099.tif,Atlas Antarktiki I,,,95
100,LZW compression TIFF/Atlas Antarktiki I/Atlas_Antarktiki_I_0100.tif,Atlas Antarktiki I,,,96
101,LZW compression TIFF/Atlas Antarktiki I/Atlas_Antarktiki_I_0101.tif,Atlas Antarktiki I,,,97
102,LZW compression TIFF/Atlas Antarktiki I/Atlas_Antarktiki_I_0102.tif,Atlas Antarktiki I,,,98
103,LZW compression TIFF/Atlas Antarktiki I/Atlas_Antarktiki_I_0103.tif,Atlas Antarktiki I,,,99
104,LZW compression TIFF/Atlas Antarktiki I/Atlas_Antarktiki_I_0104.tif,Atlas Antarktiki I,,,100
105,LZW compression TIFF/Atlas Antarktiki I/Atlas_Antarktiki_I_0105.tif,Atlas Antarktiki I,,,101
106,LZW compression TIFF/Atlas Antarktiki I/Atlas_Antarktiki_I_0106.tif,Atlas Antarktiki I,,,102
107,LZW compression TIFF/Atlas Antarktiki I/Atlas_Antarktiki_I_0107.tif,Atlas Antarktiki I,,,103
108,LZW compression TIFF/Atlas Antarktiki I/Atlas_Antarktiki_I_0108.tif,Atlas Antarktiki I,,,104
109,LZW compression TIFF/Atlas Antarktiki I/Atlas_Antarktiki_I_0109.tif,Atlas Antarktiki I,,,105
110,LZW compression TIFF/Atlas Antarktiki I/Atlas_Antarktiki_I_0110.tif,Atlas Antarktiki I,,,106
111,LZW compression TIFF/Atlas Antarktiki I/Atlas_Antarktiki_I_0111.tif,Atlas Antarktiki I,,,107
112,LZW compression TIFF/Atlas Antarktiki I/Atlas_Antarktiki_I_0112.tif,Atlas Antarktiki I,,,108
113,LZW compression TIFF/Atlas Antarktiki I/Atlas_Antarktiki_I_0113.tif,Atlas Antarktiki I,,,109
114,LZW compression TIFF/Atlas Antarktiki I/Atlas_Antarktiki_I_0114.tif,Atlas Antarktiki I,,,110
115,LZW compression TIFF/Atlas Antarktiki I/Atlas_Antarktiki_I_0115.tif,Atlas Antarktiki I,,,111
116,LZW compression TIFF/Atlas Antarktiki I/Atlas_Antarktiki_I_0116.tif,Atlas Antarktiki I,,,112
117,LZW compression TIFF/Atlas Antarktiki I/Atlas_Antarktiki_I_0117.tif,Atlas Antarktiki I,,,113
118,LZW compression TIFF/Atlas Antarktiki I/Atlas_Antarktiki_I_0118.tif,Atlas Antarktiki I,,,114
119,LZW compression TIFF/Atlas Antarktiki I/Atlas_Antarktiki_I_0119.tif,Atlas Antarktiki I,,,115
120,LZW compression TIFF/Atlas Antarktiki I/Atlas_Antarktiki_I_0120.tif,Atlas Antarktiki I,,,116
121,LZW compression TIFF/Atlas Antarktiki I/Atlas_Antarktiki_I_0121.tif,Atlas Antarktiki I,,,117
122,LZW compression TIFF/Atlas Antarktiki I/Atlas_Antarktiki_I_0122.tif,Atlas Antarktiki I,,,118
123,LZW compression TIFF/Atlas Antarktiki I/Atlas_Antarktiki_I_0123.tif,Atlas Antarktiki I,,,119
124,LZW compression TIFF/Atlas Antarktiki I/Atlas_Antarktiki_I_0124.tif,Atlas Antarktiki I,,,120
125,LZW compression TIFF/Atlas Antarktiki I/Atlas_Antarktiki_I_0125.tif,Atlas Antarktiki I,,,121
126,LZW compression TIFF/Atlas Antarktiki I/Atlas_Antarktiki_I_0126.tif,Atlas Antarktiki I,,,122
127,LZW compression TIFF/Atlas Antarktiki I/Atlas_Antarktiki_I_0127.tif,Atlas Antarktiki I,,,123
128,LZW compression TIFF/Atlas Antarktiki I/Atlas_Antarktiki_I_0128.tif,Atlas Antarktiki I,,,124
129,LZW compression TIFF/Atlas Antarktiki I/Atlas_Antarktiki_I_0129.tif,Atlas Antarktiki I,,,125
130,LZW compression TIFF/Atlas Antarktiki I/Atlas_Antarktiki_I_0130.tif,Atlas Antarktiki I,,,126
131,LZW compression TIFF/Atlas Antarktiki I/Atlas_Antarktiki_I_0131.tif,Atlas Antarktiki I,,,127
132,LZW compression TIFF/Atlas Antarktiki I/Atlas_Antarktiki_I_0132.tif,Atlas Antarktiki I,,,128
133,LZW compression TIFF/Atlas Antarktiki I/Atlas_Antarktiki_I_0133.tif,Atlas Antarktiki I,,,129
134,LZW compression TIFF/Atlas Antarktiki I/Atlas_Antarktiki_I_0134.tif,Atlas Antarktiki I,,,130
135,LZW compression TIFF/Atlas Antarktiki I/Atlas_Antarktiki_I_0135.tif,Atlas Antarktiki I,,,131
136,LZW compression TIFF/Atlas Antarktiki I/Atlas_Antarktiki_I_0136.tif,Atlas Antarktiki I,,,132
137,LZW compression TIFF/Atlas Antarktiki I/Atlas_Antarktiki_I_0137.tif,Atlas Antarktiki I,,,133
138,LZW compression TIFF/Atlas Antarktiki I/Atlas_Antarktiki_I_0138.tif,Atlas Antarktiki I,,,134
139,LZW compression TIFF/Atlas Antarktiki I/Atlas_Antarktiki_I_0139.tif,Atlas Antarktiki I,,,135
140,LZW compression TIFF/Atlas Antarktiki I/Atlas_Antarktiki_I_0140.tif,Atlas Antarktiki I,,,136
141,LZW compression TIFF/Atlas Antarktiki I/Atlas_Antarktiki_I_0141.tif,Atlas Antarktiki I,,,137
142,LZW compression TIFF/Atlas Antarktiki I/Atlas_Antarktiki_I_0142.tif,Atlas Antarktiki I,,,138
143,LZW compression TIFF/Atlas Antarktiki I/Atlas_Antarktiki_I_0143.tif,Atlas Antarktiki I,,,139
144,LZW compression TIFF/Atlas Antarktiki I/Atlas_Antarktiki_I_0144.tif,Atlas Antarktiki I,,,140
145,LZW compression TIFF/Atlas Antarktiki I/Atlas_Antarktiki_I_0145.tif,Atlas Antarktiki I,,,141
146,LZW compression TIFF/Atlas Antarktiki I/Atlas_Antarktiki_I_0146.tif,Atlas Antarktiki I,,,142
147,LZW compression TIFF/Atlas Antarktiki I/Atlas_Antarktiki_I_0147.tif,Atlas Antarktiki I,,,143
148,LZW compression TIFF/Atlas Antarktiki I/Atlas_Antarktiki_I_0148.tif,Atlas Antarktiki I,,,144
149,LZW compression TIFF/Atlas Antarktiki I/Atlas_Antarktiki_I_0149.tif,Atlas Antarktiki I,,,145
150,LZW compression TIFF/Atlas Antarktiki I/Atlas_Antarktiki_I_0150.tif,Atlas Antarktiki I,,,146
151,LZW compression TIFF/Atlas Antarktiki I/Atlas_Antarktiki_I_0151.tif,Atlas Antarktiki I,,,147
152,LZW compression TIFF/Atlas Antarktiki I/Atlas_Antarktiki_I_0152.tif,Atlas Antarktiki I,,,148
153,LZW compression TIFF/Atlas Antarktiki I/Atlas_Antarktiki_I_0153.tif,Atlas Antarktiki I,,,149
154,LZW compression TIFF/Atlas Antarktiki I/Atlas_Antarktiki_I_0154.tif,Atlas Antarktiki I,,,150
155,LZW compression TIFF/Atlas Antarktiki I/Atlas_Antarktiki_I_0155.tif,Atlas Antarktiki I,,,151
156,LZW compression TIFF/Atlas Antarktiki I/Atlas_Antarktiki_I_0156.tif,Atlas Antarktiki I,,,152
157,LZW compression TIFF/Atlas Antarktiki I/Atlas_Antarktiki_I_0157.tif,Atlas Antarktiki I,,,153
158,LZW compression TIFF/Atlas Antarktiki I/Atlas_Antarktiki_I_0158.tif,Atlas Antarktiki I,,,154
159,LZW compression TIFF/Atlas Antarktiki I/Atlas_Antarktiki_I_0159.tif,Atlas Antarktiki I,,,155
160,LZW compression TIFF/Atlas Antarktiki I/Atlas_Antarktiki_I_0160.tif,Atlas Antarktiki I,,,156
161,LZW compression TIFF/Atlas Antarktiki I/Atlas_Antarktiki_I_0161.tif,Atlas Antarktiki I,,,157
162,LZW compression TIFF/Atlas Antarktiki I/Atlas_Antarktiki_I_0162.tif,Atlas Antarktiki I,,,158
163,LZW compression TIFF/Atlas Antarktiki I/Atlas_Antarktiki_I_0163.tif,Atlas Antarktiki I,,,159
164,LZW compression TIFF/Atlas Antarktiki I/Atlas_Antarktiki_I_0164.tif,Atlas Antarktiki I,,,160
165,LZW compression TIFF/Atlas Antarktiki I/Atlas_Antarktiki_I_0165.tif,Atlas Antarktiki I,,,161
166,LZW compression TIFF/Atlas Antarktiki I/Atlas_Antarktiki_I_0166.tif,Atlas Antarktiki I,,,162
167,LZW compression TIFF/Atlas Antarktiki I/Atlas_Antarktiki_I_0167.tif,Atlas Antarktiki I,,,163
168,LZW compression TIFF/Atlas Antarktiki I/Atlas_Antarktiki_I_0168.tif,Atlas Antarktiki I,,,164
169,LZW compression TIFF/Atlas Antarktiki I/Atlas_Antarktiki_I_0169.tif,Atlas Antarktiki I,,,165
170,LZW compression TIFF/Atlas Antarktiki I/Atlas_Antarktiki_I_0170.tif,Atlas Antarktiki I,,,166
171,LZW compression TIFF/Atlas Antarktiki I/Atlas_Antarktiki_I_0171.tif,Atlas Antarktiki I,,,167
172,LZW compression TIFF/Atlas Antarktiki I/Atlas_Antarktiki_I_0172.tif,Atlas Antarktiki I,,,168
173,LZW compression TIFF/Atlas Antarktiki I/Atlas_Antarktiki_I_0173.tif,Atlas Antarktiki I,,,169
174,LZW compression TIFF/Atlas Antarktiki I/Atlas_Antarktiki_I_0174.tif,Atlas Antarktiki I,,,170
175,LZW compression TIFF/Atlas Antarktiki I/Atlas_Antarktiki_I_0175.tif,Atlas Antarktiki I,,,171
176,LZW compression TIFF/Atlas Antarktiki I/Atlas_Antarktiki_I_0176.tif,Atlas Antarktiki I,,,172
177,LZW compression TIFF/Atlas Antarktiki I/Atlas_Antarktiki_I_0177.tif,Atlas Antarktiki I,,,173
178,LZW compression TIFF/Atlas Antarktiki I/Atlas_Antarktiki_I_0178.tif,Atlas Antarktiki I,,,174
179,LZW compression TIFF/Atlas Antarktiki I/Atlas_Antarktiki_I_0179.tif,Atlas Antarktiki I,,,175
180,LZW compression TIFF/Atlas Antarktiki I/Atlas_Antarktiki_I_0180.tif,Atlas Antarktiki I,,,176
181,LZW compression TIFF/Atlas Antarktiki I/Atlas_Antarktiki_I_0181.tif,Atlas Antarktiki I,,,177
182,LZW compression TIFF/Atlas Antarktiki I/Atlas_Antarktiki_I_0182.tif,Atlas Antarktiki I,,,178
183,LZW compression TIFF/Atlas Antarktiki I/Atlas_Antarktiki_I_0183.tif,Atlas Antarktiki I,,,179
184,LZW compression TIFF/Atlas Antarktiki I/Atlas_Antarktiki_I_0184.tif,Atlas Antarktiki I,,,180
185,LZW compression TIFF/Atlas Antarktiki I/Atlas_Antarktiki_I_0185.tif,Atlas Antarktiki I,,,181
186,LZW compression TIFF/Atlas Antarktiki I/Atlas_Antarktiki_I_0186.tif,Atlas Antarktiki I,,,182
187,LZW compression TIFF/Atlas Antarktiki I/Atlas_Antarktiki_I_0187.tif,Atlas Antarktiki I,,,183
188,LZW compression TIFF/Atlas Antarktiki I/Atlas_Antarktiki_I_0188.tif,Atlas Antarktiki I,,,184
189,LZW compression TIFF/Atlas Antarktiki I/Atlas_Antarktiki_I_0189.tif,Atlas Antarktiki I,,,185
190,LZW compression TIFF/Atlas Antarktiki I/Atlas_Antarktiki_I_0190.tif,Atlas Antarktiki I,,,186
191,LZW compression TIFF/Atlas Antarktiki I/Atlas_Antarktiki_I_0191.tif,Atlas Antarktiki I,,,187
192,LZW compression TIFF/Atlas Antarktiki I/Atlas_Antarktiki_I_0192.tif,Atlas Antarktiki I,,,188
193,LZW compression TIFF/Atlas Antarktiki I/Atlas_Antarktiki_I_0193.tif,Atlas Antarktiki I,,,189
194,LZW compression TIFF/Atlas Antarktiki I/Atlas_Antarktiki_I_0194.tif,Atlas Antarktiki I,,,190
195,LZW compression TIFF/Atlas Antarktiki I/Atlas_Antarktiki_I_0195.tif,Atlas Antarktiki I,,,191
196,LZW compression TIFF/Atlas Antarktiki I/Atlas_Antarktiki_I_0196.tif,Atlas Antarktiki I,,,192
197,LZW compression TIFF/Atlas Antarktiki I/Atlas_Antarktiki_I_0197.tif,Atlas Antarktiki I,,,193
198,LZW compression TIFF/Atlas Antarktiki I/Atlas_Antarktiki_I_0198.tif,Atlas Antarktiki I,,,194
199,LZW compression TIFF/Atlas Antarktiki I/Atlas_Antarktiki_I_0199.tif,Atlas Antarktiki I,,,195
200,LZW compression TIFF/Atlas Antarktiki I/Atlas_Antarktiki_I_0200.tif,Atlas Antarktiki I,,,196
201,LZW compression TIFF/Atlas Antarktiki I/Atlas_Antarktiki_I_0201.tif,Atlas Antarktiki I,,,197
202,LZW compression TIFF/Atlas Antarktiki I/Atlas_Antarktiki_I_0202.tif,Atlas Antarktiki I,,,198
203,LZW compression TIFF/Atlas Antarktiki I/Atlas_Antarktiki_I_0203.tif,Atlas Antarktiki I,,,199
204,LZW compression TIFF/Atlas Antarktiki I/Atlas_Antarktiki_I_0204.tif,Atlas Antarktiki I,,,200
205,LZW compression TIFF/Atlas Antarktiki I/Atlas_Antarktiki_I_0205.tif,Atlas Antarktiki I,,,201
206,LZW compression TIFF/Atlas Antarktiki I/Atlas_Antarktiki_I_0206.tif,Atlas Antarktiki I,,,202
207,LZW compression TIFF/Atlas Antarktiki I/Atlas_Antarktiki_I_0207.tif,Atlas Antarktiki I,,,203
208,LZW compression TIFF/Atlas Antarktiki I/Atlas_Antarktiki_I_0208.tif,Atlas Antarktiki I,,,204
209,LZW compression TIFF/Atlas Antarktiki I/Atlas_Antarktiki_I_0209.tif,Atlas Antarktiki I,,,205
210,LZW compression TIFF/Atlas Antarktiki I/Atlas_Antarktiki_I_0210.tif,Atlas Antarktiki I,,,206
211,LZW compression TIFF/Atlas Antarktiki I/Atlas_Antarktiki_I_0211.tif,Atlas Antarktiki I,,,207
212,LZW compression TIFF/Atlas Antarktiki I/Atlas_Antarktiki_I_0212.tif,Atlas Antarktiki I,,,208
213,LZW compression TIFF/Atlas Antarktiki I/Atlas_Antarktiki_I_0213.tif,Atlas Antarktiki I,,,209
214,LZW compression TIFF/Atlas Antarktiki I/Atlas_Antarktiki_I_0214.tif,Atlas Antarktiki I,,,210
215,LZW compression TIFF/Atlas Antarktiki I/Atlas_Antarktiki_I_0215.tif,Atlas Antarktiki I,,,211
216,LZW compression TIFF/Atlas Antarktiki I/Atlas_Antarktiki_I_0216.tif,Atlas Antarktiki I,,,212
217,LZW compression TIFF/Atlas Antarktiki I/Atlas_Antarktiki_I_0217.tif,Atlas Antarktiki I,,,213
218,LZW compression TIFF/Atlas Antarktiki I/Atlas_Antarktiki_I_0218.tif,Atlas Antarktiki I,,,214
219,LZW compression TIFF/Atlas Antarktiki I/Atlas_Antarktiki_I_0219.tif,Atlas Antarktiki I,,,215
220,LZW compression TIFF/Atlas Antarktiki I/Atlas_Antarktiki_I_0220.tif,Atlas Antarktiki I,,,216
221,LZW compression TIFF/Atlas Antarktiki I/Atlas_Antarktiki_I_0221.tif,Atlas Antarktiki I,,,217
222,LZW compression TIFF/Atlas Antarktiki I/Atlas_Antarktiki_I_0222.tif,Atlas Antarktiki I,,,218
223,LZW compression TIFF/Atlas Antarktiki I/Atlas_Antarktiki_I_0223.tif,Atlas Antarktiki I,,,219
224,LZW compression TIFF/Atlas Antarktiki I/Atlas_Antarktiki_I_0224.tif,Atlas Antarktiki I,,,220
225,LZW compression TIFF/Atlas Antarktiki I/Atlas_Antarktiki_I_0225.tif,Atlas Antarktiki I,,,221
226,LZW compression TIFF/Atlas Antarktiki I/Atlas_Antarktiki_I_0226.tif,Atlas Antarktiki I,,,222
227,LZW compression TIFF/Atlas Antarktiki I/Atlas_Antarktiki_I_0227.tif,Atlas Antarktiki I,,,223
228,LZW compression TIFF/Atlas Antarktiki I/Atlas_Antarktiki_I_0228.tif,Atlas Antarktiki I,,,224
229,LZW compression TIFF/Atlas Antarktiki I/Atlas_Antarktiki_I_0229.tif,Atlas Antarktiki I,,,225
230,LZW compression TIFF/Atlas Antarktiki I/Atlas_Antarktiki_I_0230.tif,Atlas Antarktiki I,,,226
231,LZW compression TIFF/Atlas Antarktiki I/Atlas_Antarktiki_I_0231.tif,Atlas Antarktiki I,,,227
232,LZW compression TIFF/Atlas Antarktiki I/Atlas_Antarktiki_I_0232.tif,Atlas Antarktiki I,,,228
233,LZW compression TIFF/Atlas Antarktiki I/Atlas_Antarktiki_I_0233.tif,Atlas Antarktiki I,,,229
234,LZW compression TIFF/Atlas Antarktiki I/Atlas_Antarktiki_I_0234.tif,Atlas Antarktiki I,,,230
235,LZW compression TIFF/Atlas Antarktiki I/Atlas_Antarktiki_I_0235.tif,Atlas Antarktiki I,,,231
236,LZW compression TIFF/Atlas Antarktiki I/Atlas_Antarktiki_I_0236.tif,Atlas Antarktiki I,,,232
237,LZW compression TIFF/Atlas Antarktiki I/Atlas_Antarktiki_I_0237.tif,Atlas Antarktiki I,,,233
238,LZW compression TIFF/Atlas Antarktiki I/Atlas_Antarktiki_I_0238.tif,Atlas Antarktiki I,,,234
239,LZW compression TIFF/Atlas Antarktiki I/Atlas_Antarktiki_I_0239.tif,Atlas Antarktiki I,,,235
240,LZW compression TIFF/Atlas Antarktiki I/Atlas_Antarktiki_I_0240.tif,Atlas Antarktiki I,,,236
241,LZW compression TIFF/Atlas Antarktiki I/Atlas_Antarktiki_I_0241.tif,Atlas Antarktiki I,,,237
242,LZW compression TIFF/Atlas Antarktiki I/Atlas_Antarktiki_I_0242.tif,Atlas Antarktiki I,,,238
243,LZW compression TIFF/Atlas Antarktiki I/Atlas_Antarktiki_I_0243.tif,Atlas Antarktiki I,,,239
244,LZW compression TIFF/Atlas Antarktiki I/Atlas_Antarktiki_I_0244.tif,Atlas Antarktiki I,,,240
245,LZW compression TIFF/Atlas Antarktiki I/Atlas_Antarktiki_I_0245.tif,Atlas Antarktiki I,,,241
246,LZW compression TIFF/Atlas Antarktiki I/Atlas_Antarktiki_I_0246.tif,Atlas Antarktiki I,,,242
247,LZW compression TIFF/Atlas Antarktiki I/Atlas_Antarktiki_I_0247.tif,Atlas Antarktiki I,,,243
248,LZW compression TIFF/Atlas Antarktiki I/Atlas_Antarktiki_I_0248.tif,Atlas Antarktiki I,,,244
249,LZW compression TIFF/Atlas Antarktiki I/Atlas_Antarktiki_I_0249.tif,Atlas Antarktiki I,,,245
250,LZW compression TIFF/Atlas Antarktiki I/Atlas_Antarktiki_I_0250.tif,Atlas Antarktiki I,,,246
251,LZW compression TIFF/Atlas Antarktiki I/Atlas_Antarktiki_I_0251.tif,Atlas Antarktiki I,,,247
252,LZW compression TIFF/Atlas Antarktiki I/Atlas_Antarktiki_I_0252.tif,Atlas Antarktiki I,,,248
253,LZW compression TIFF/Atlas Antarktiki I/Atlas_Antarktiki_I_0253.tif,Atlas Antarktiki I,,,249
254,LZW compression TIFF/Atlas Antarktiki I/Atlas_Antarktiki_I_0254.tif,Atlas Antarktiki I,,,250
255,LZW compression TIFF/Atlas Antarktiki I/Atlas_Antarktiki_I_0255.tif,Atlas Antarktiki I,,,251
256,LZW compression TIFF/Atlas Antarktiki I/Atlas_Antarktiki_I_0256.tif,Atlas Antarktiki I,,,252
257,LZW compression TIFF/Atlas Antarktiki I/Atlas_Antarktiki_I_0257.tif,Atlas Antarktiki I,,,253
258,LZW compression TIFF/Atlas Antarktiki I/Atlas_Antarktiki_I_0258.tif,Atlas Antarktiki I,,,254
259,LZW compression TIFF/Atlas Antarktiki I/Atlas_Antarktiki_I_0259.tif,Atlas Antarktiki I,,,255
260,LZW compression TIFF/Atlas Antarktiki I/Atlas_Antarktiki_I_0260.tif,Atlas Antarktiki I,,,256
261,LZW compression TIFF/Atlas Antarktiki I/Atlas_Antarktiki_I_0261.tif,Atlas Antarktiki I,,,257
262,LZW compression TIFF/Atlas Antarktiki I/Atlas_Antarktiki_I_0262.tif,Atlas Antarktiki I,,,258
263,LZW compression TIFF/Atlas Antarktiki I/Atlas_Antarktiki_I_0263.tif,Atlas Antarktiki I,,,259
264,LZW compression TIFF/Atlas Antarktiki I/Atlas_Antarktiki_I_0264.tif,Atlas Antarktiki I,,,260
265,LZW compression TIFF/Atlas Antarktiki I/Atlas_Antarktiki_I_0265.tif,Atlas Antarktiki I,,,261
266,LZW compression TIFF/Atlas Antarktiki I/Atlas_Antarktiki_I_0266.tif,Atlas Antarktiki I,,,262
267,LZW compression TIFF/Atlas Antarktiki I/Atlas_Antarktiki_I_0267.tif,Atlas Antarktiki I,,,263
268,LZW compression TIFF/Atlas Antarktiki I/Atlas_Antarktiki_I_0268.tif,Atlas Antarktiki I,,,264
269,LZW compression TIFF/Atlas Antarktiki I/Atlas_Antarktiki_I_0269.tif,Atlas Antarktiki I,,,265
270,LZW compression TIFF/Atlas Antarktiki I/Atlas_Antarktiki_I_0270.tif,Atlas Antarktiki I,,,266
271,LZW compression TIFF/Atlas Antarktiki I/Atlas_Antarktiki_I_0271.tif,Atlas Antarktiki I,,,267
272,LZW compression TIFF/Atlas Antarktiki I/Atlas_Antarktiki_I_0272.tif,Atlas Antarktiki I,,,268
273,LZW compression TIFF/Atlas Antarktiki I/Atlas_Antarktiki_I_0273.tif,Atlas Antarktiki I,,,269
274,LZW compression TIFF/Atlas Antarktiki I/Atlas_Antarktiki_I_0274.tif,Atlas Antarktiki I,,,270
275,LZW compression TIFF/Atlas Antarktiki I/Atlas_Antarktiki_I_0275.tif,Atlas Antarktiki I,,,271
276,LZW compression TIFF/Atlas Antarktiki I/Atlas_Antarktiki_I_0276.tif,Atlas Antarktiki I,,,272
277,LZW compression TIFF/Atlas Antarktiki I/Atlas_Antarktiki_I_0277.tif,Atlas Antarktiki I,,,273
278,LZW compression TIFF/Atlas Antarktiki I/Atlas_Antarktiki_I_0278.tif,Atlas Antarktiki I,,,274
279,LZW compression TIFF/Atlas Antarktiki I/Atlas_Antarktiki_I_0279.tif,Atlas Antarktiki I,,,275
280,LZW compression TIFF/Atlas Antarktiki I/Atlas_Antarktiki_I_0280.tif,Atlas Antarktiki I,,,276
281,LZW compression TIFF/Atlas Antarktiki I/Atlas_Antarktiki_I_0281.tif,Atlas Antarktiki I,,,277
282,LZW compression TIFF/Atlas Antarktiki I/Atlas_Antarktiki_I_0282.tif,Atlas Antarktiki I,,,278
283,LZW compression TIFF/Atlas Antarktiki I/Atlas_Antarktiki_I_0283.tif,Atlas Antarktiki I,,,279
284,LZW compression TIFF/Atlas Antarktiki I/Atlas_Antarktiki_I_0284.tif,Atlas Antarktiki I,,,280
285,LZW compression TIFF/Atlas Antarktiki I/Atlas_Antarktiki_I_0285.tif,Atlas Antarktiki I,,,281
286,LZW compression TIFF/Atlas Antarktiki I/Atlas_Antarktiki_I_0286.tif,Atlas Antarktiki I,,,282
287,LZW compression TIFF/Atlas Antarktiki I/Atlas_Antarktiki_I_0287.tif,Atlas Antarktiki I,,,283
288,LZW compression TIFF/Atlas Antarktiki I/Atlas_Antarktiki_I_0288.tif,Atlas Antarktiki I,,,284
289,LZW compression TIFF/Atlas Antarktiki I/Atlas_Antarktiki_I_0289.tif,Atlas Antarktiki I,,,285
290,LZW compression TIFF/Atlas Antarktiki I/Atlas_Antarktiki_I_0290.tif,Atlas Antarktiki I,,,286
291,LZW compression TIFF/Atlas Antarktiki I/Atlas_Antarktiki_I_0291.tif,Atlas Antarktiki I,,,287
292,LZW compression TIFF/Atlas Antarktiki I/Atlas_Antarktiki_I_0292.tif,Atlas Antarktiki I,,,288
293,LZW compression TIFF/Atlas Antarktiki I/Atlas_Antarktiki_I_0293.tif,Atlas Antarktiki I,,,289
294,LZW compression TIFF/Atlas Antarktiki I/Atlas_Antarktiki_I_0294.tif,Atlas Antarktiki I,,,290
295,LZW compression TIFF/Atlas Antarktiki I/Atlas_Antarktiki_I_0295.tif,Atlas Antarktiki I,,,291
296,LZW compression TIFF/Atlas Antarktiki I/Atlas_Antarktiki_I_0296.tif,Atlas Antarktiki I,,,292
297,LZW compression TIFF/Atlas Antarktiki I/Atlas_Antarktiki_I_0297.tif,Atlas Antarktiki I,,,293
298,LZW compression TIFF/Atlas Antarktiki I/Atlas_Antarktiki_I_0298.tif,Atlas Antarktiki I,,,294
299,LZW compression TIFF/Atlas Antarktiki I/Atlas_Antarktiki_I_0299.tif,Atlas Antarktiki I,,,295
300,LZW compression TIFF/Atlas Antarktiki I/Atlas_Antarktiki_I_0300.tif,Atlas Antarktiki I,,,296
301,LZW compression TIFF/Atlas Antarktiki I/Atlas_Antarktiki_I_0301.tif,Atlas Antarktiki I,,,297
302,LZW compression TIFF/Atlas Antarktiki I/Atlas_Antarktiki_I_0302.tif,Atlas Antarktiki I,,,298
303,LZW compression TIFF/Atlas Antarktiki I/Atlas_Antarktiki_I_0303.tif,Atlas Antarktiki I,,,299
304,LZW compression TIFF/Atlas Antarktiki I/Atlas_Antarktiki_I_0304.tif,Atlas Antarktiki I,,,300
305,LZW compression TIFF/Atlas Antarktiki I/Atlas_Antarktiki_I_0305.tif,Atlas Antarktiki I,,,301
306,LZW compression TIFF/Atlas Antarktiki I/Atlas_Antarktiki_I_0306.tif,Atlas Antarktiki I,,,302
307,LZW compression TIFF/Atlas Antarktiki I/Atlas_Antarktiki_I_0307.tif,Atlas Antarktiki I,,,303
308,LZW compression TIFF/Atlas Antarktiki I/Atlas_Antarktiki_I_0308.tif,Atlas Antarktiki I,,,304
309,LZW compression TIFF/Atlas Antarktiki I/Atlas_Antarktiki_I_0309.tif,Atlas Antarktiki I,,,305
310,LZW compression TIFF/Atlas Antarktiki I/Atlas_Antarktiki_I_0310.tif,Atlas Antarktiki I,,,306
311,LZW compression TIFF/Atlas Antarktiki I/Atlas_Antarktiki_I_0311.tif,Atlas Antarktiki I,,,307
312,LZW compression TIFF/Atlas Antarktiki I/Atlas_Antarktiki_I_0312.tif,Atlas Antarktiki I,,,308
313,LZW compression TIFF/Atlas Antarktiki I/Atlas_Antarktiki_I_0313.tif,Atlas Antarktiki I,,,309
314,LZW compression TIFF/Atlas Antarktiki I/Atlas_Antarktiki_I_0314.tif,Atlas Antarktiki I,,,310
315,LZW compression TIFF/Atlas Antarktiki I/Atlas_Antarktiki_I_0315.tif,Atlas Antarktiki I,,,311
316,LZW compression TIFF/Atlas Antarktiki I/Atlas_Antarktiki_I_0316.tif,Atlas Antarktiki I,,,312
317,LZW compression TIFF/Atlas Antarktiki I/Atlas_Antarktiki_I_0317.tif,Atlas Antarktiki I,,,313
318,LZW compression TIFF/Atlas Antarktiki I/Atlas_Antarktiki_I_0318.tif,Atlas Antarktiki I,,,314
319,LZW compression TIFF/Atlas Antarktiki I/Atlas_Antarktiki_I_0319.tif,Atlas Antarktiki I,,,315
320,LZW compression TIFF/Atlas Antarktiki I/Atlas_Antarktiki_I_0320.tif,Atlas Antarktiki I,,,316
321,LZW compression TIFF/Atlas Antarktiki I/Atlas_Antarktiki_I_0321.tif,Atlas Antarktiki I,,,317
322,LZW compression TIFF/Atlas Antarktiki I/Atlas_Antarktiki_I_0322.tif,Atlas Antarktiki I,,,318
323,LZW compression TIFF/Atlas Antarktiki I/Atlas_Antarktiki_I_0323.tif,Atlas Antarktiki I,,,319
324,LZW compression TIFF/Atlas Antarktiki I/Atlas_Antarktiki_I_0324.tif,Atlas Antarktiki I,,,320
325,LZW compression TIFF/Atlas Antarktiki I/Atlas_Antarktiki_I_0325.tif,Atlas Antarktiki I,,,321
326,LZW compression TIFF/Atlas Antarktiki I/Atlas_Antarktiki_I_0326.tif,Atlas Antarktiki I,,,322
327,LZW compression TIFF/Atlas Antarktiki I/Atlas_Antarktiki_I_0327.tif,Atlas Antarktiki I,,,323
328,LZW compression TIFF/Atlas Antarktiki I/Atlas_Antarktiki_I_0328.tif,Atlas Antarktiki I,,,324
329,LZW compression TIFF/Atlas Antarktiki I/Atlas_Antarktiki_I_0329.tif,Atlas Antarktiki I,,,325
330,LZW compression TIFF/Atlas Antarktiki I/Atlas_Antarktiki_I_0330.tif,Atlas Antarktiki I,,,326
331,LZW compression TIFF/Atlas Antarktiki I/Atlas_Antarktiki_I_0331.tif,Atlas Antarktiki I,,,327
332,LZW compression TIFF/Atlas Antarktiki I/Atlas_Antarktiki_I_0332.tif,Atlas Antarktiki I,,,328
333,LZW compression TIFF/Atlas Antarktiki I/Atlas_Antarktiki_I_0333.tif,Atlas Antarktiki I,,,329
334,LZW compression TIFF/Atlas Antarktiki I/Atlas_Antarktiki_I_0334.tif,Atlas Antarktiki I,,,330
335,LZW compression TIFF/Atlas Antarktiki I/Atlas_Antarktiki_I_0335.tif,Atlas Antarktiki I,,,331
336,LZW compression TIFF/Atlas Antarktiki I/Atlas_Antarktiki_I_0336.tif,Atlas Antarktiki I,,,332
337,LZW compression TIFF/Atlas Antarktiki I/Atlas_Antarktiki_I_0337.tif,Atlas Antarktiki I,,,
338,LZW compression TIFF/Atlas Antarktiki I/Atlas_Antarktiki_I_0338.tif,Atlas Antarktiki I,,,
339,LZW compression TIFF/Atlas Antarktiki I/Atlas_Antarktiki_I_0339.tif,Atlas Antarktiki I,,,
340,LZW compression TIFF/Atlas Antarktiki I/Atlas_Antarktiki_I_0340.tif,Atlas Antarktiki I,,,333